regulator,mag_c0,mag_c1,ratio_c0_over_c1,louder,is_top20
PRDM16,0.09693491,0.08468625,1.1446357,c0,False
RNF220,0.07943227,0.062368803,1.2735898,c0,False
AL358075.2,0.1179491,0.10373334,1.1370413,c0,False
NFIA,0.038162965,0.034628198,1.1020777,c0,False
ROR1,0.071925595,0.060969286,1.1797022,c0,False
PTGER3,0.013298038,0.0048358385,2.749893,c0,False
AL591463.1,0.06504598,0.04979597,1.30625,c0,False
IFI44L,0.00037752558,0.00014781786,2.5539916,c0,False
ADGRL4,0.005857715,0.0028920653,2.0254436,c0,False
LINC01781,0.0015767609,0.00092050375,1.7129326,c0,False
CDC14A,0.0030135633,0.0022394252,1.3456861,c0,False
NTNG1,0.02553431,0.008638243,2.955961,c0,False
AL445426.1,0.044651262,0.03299435,1.3533003,c0,False
ATP1A2,0.086579844,0.07719082,1.121634,c0,False
HSPA6,0.04905314,0.043130178,1.1373276,c0,False
PRRX1,0.08009445,0.061466902,1.30305,c0,False
BX284613.2,0.0064452356,0.0031639896,2.0370595,c0,False
FMO2,0.00020377236,1.06899115e-05,19.062117,c0,False
AL136114.1,0.013328022,0.0075885057,1.7563435,c0,False
LINC01344,0.05632303,0.048997767,1.1495019,c0,False
ERVMER61-1,0.014184219,0.009117126,1.5557773,c0,False
LINC01035,0.0021522166,0.0008895631,2.4194086,c0,False
AL138927.1,0.010007424,0.0040394906,2.4773977,c0,False
RGS1,0.00012953828,9.4592455e-05,1.3694357,c0,False
AL136456.1,0.013742098,0.005285381,2.6000204,c0,False
AL353072.2,0.005019088,0.0018335925,2.7372973,c0,False
CFH,0.001040296,0.0005920218,1.7571921,c0,False
AL450352.1,0.008089722,0.0018261285,4.429985,c0,True
PTPRC,0.0028879605,0.0012817987,2.2530532,c0,False
CHI3L1,0.005086855,0.0023115189,2.2006547,c0,True
AC096637.1,0.04040634,0.03325058,1.215207,c0,False
AL356108.1,0.0056419633,0.0028943112,1.9493285,c0,False
AL392172.2,0.0009966216,0.00062877586,1.5850188,c0,False
ITPKB,0.1830922,0.1546388,1.1839992,c0,False
PLD5,0.0126301795,0.0071171564,1.7746104,c0,False
SNTG2,0.019956637,0.014707893,1.3568658,c0,False
MIR3681HG,0.009501399,0.004722628,2.011888,c0,False
AC064875.1,0.070292376,0.0509057,1.380835,c0,False
AC093912.1,0.06525981,0.049781196,1.3109329,c0,False
LINC00276,0.032115288,0.03177409,1.0107383,c0,False
AC018742.1,0.0058237207,0.0018375295,3.169321,c0,True
AC096570.1,0.020742664,0.0065593286,3.1623151,c0,False
ALK,0.10946193,0.075802684,1.4440377,c0,False
LINC01320,0.017241837,0.010664843,1.6166986,c0,False
AC079352.1,0.006933636,0.002720713,2.5484629,c0,False
FSHR,0.011682124,0.0036507023,3.1999662,c0,True
AC007402.1,0.02027524,0.011638155,1.7421353,c0,False
AC010967.1,0.064465985,0.054534547,1.1821128,c0,False
EFEMP1,0.0026926086,0.0015537131,1.7330153,c0,False
TACR1,0.006609386,0.0022018428,3.001752,c0,False
AC073091.3,0.017640093,0.012869456,1.3706945,c0,False
AC012494.1,0.013801545,0.006924537,1.9931362,c0,False
SMYD1,0.0014821838,0.00070015603,2.1169336,c0,False
IL1RL1,0.00019051014,3.077557e-05,6.1903043,c0,False
LINC01885,0.02479743,0.0073769293,3.361484,c0,False
MERTK,0.02453367,0.0052203946,4.6995816,c0,True
IL1B,0.00047620517,3.0095856e-05,15.822947,c0,False
MARCO,0.00023151818,4.534532e-05,5.1056685,c0,False
AC011246.1,0.027117854,0.028096896,0.9651548,c1,False
GPR17,0.00022891095,0.0002647532,0.86462015,c1,False
NCKAP5,0.047545422,0.042159226,1.1277584,c0,False
THSD7B,0.009567607,0.009378096,1.0202079,c0,False
NXPH2,0.04779999,0.043654416,1.0949634,c0,False
AC013265.1,0.0037048303,0.0035197502,1.0525833,c0,False
KYNU,0.0020244326,0.0010989724,1.8421142,c0,False
ARHGAP15,0.007618814,0.0050494056,1.5088536,c0,False
AC079793.1,0.006662332,0.003555297,1.8739172,c0,False
TEX41,0.04051823,0.034845524,1.1627959,c0,False
AC079163.2,0.006470736,0.0017736505,3.6482587,c0,False
AC105402.3,0.026724506,0.019363841,1.3801242,c0,False
LINC01931,0.012330562,0.0046537574,2.6495926,c0,False
AC073225.1,0.044482075,0.035985783,1.2361014,c0,False
LINC01876,0.06269105,0.054191824,1.1568359,c0,False
AC016766.1,0.0049441867,0.0020020274,2.46959,c0,False
LRP2,0.0051747467,0.0025378321,2.0390422,c0,False
SCHLAP1,0.02442814,0.01589816,1.5365388,c0,False
AC007319.1,0.013338458,0.012356981,1.0794269,c0,False
CALCRL,0.019353444,0.025268845,0.7659014,c1,False
LINC01090,0.029696878,0.021582967,1.3759406,c0,False
COL5A2,0.03021477,0.008950061,3.3759289,c0,False
PARD3B,0.08135563,0.070546955,1.1532125,c0,False
ERBB4,0.08065437,0.06898235,1.169203,c0,False
SPHKAP,0.06326026,0.042058744,1.5040929,c0,False
LINC01266,0.027802264,0.02382037,1.1671634,c0,False
LMCD1,0.00489018,0.004745375,1.0305151,c0,False
KCNH8,0.005131117,0.002710092,1.8933368,c0,False
SGO1-AS1,0.014776459,0.007654134,1.9305199,c0,False
ZNF385D,0.011863377,0.00876252,1.3538773,c0,False
TGFBR2,0.042453088,0.03442762,1.2331113,c0,False
MOBP,0.112812296,0.10478028,1.0766557,c0,False
LINC00698,0.0040285634,0.0020645407,1.9513121,c0,False
ADAMTS9,0.04411079,0.032665618,1.3503736,c0,False
ADAMTS9-AS2,0.015218245,0.012383779,1.2288854,c0,False
TAFA4,0.010580267,0.0061035734,1.7334545,c0,False
SAMMSON,0.1188536,0.10535768,1.1280962,c0,False
LINC02008,0.005831086,0.0021502355,2.711836,c0,False
AC023503.1,0.0005232969,0.00033248315,1.573905,c0,False
ABI3BP,0.05038301,0.05621463,0.8962615,c1,False
AC068633.1,0.017307572,0.009101691,1.9015777,c0,False
ALDH1L1,0.07234228,0.07078307,1.022028,c0,False
AC092957.1,0.0049922448,0.001881711,2.653035,c0,False
ZIC1,0.019878242,0.017242286,1.1528774,c0,False
AC069410.1,0.0026722215,0.0015561534,1.7171967,c0,False
LINC02006,0.01838934,0.0114429165,1.6070502,c0,False
GPR149,0.0028179376,0.0016516335,1.7061518,c0,False
PLCH1,0.017660359,0.010022844,1.7620107,c0,False
AC112770.1,0.03489022,0.031534277,1.1064221,c0,False
AC128685.1,0.0010597882,0.00054797984,1.9339912,c0,False
LINC01324,0.001366724,0.00062964216,2.1706362,c0,False
MECOM,0.027143897,0.02224721,1.2201034,c0,False
SLC7A14-AS1,0.17390858,0.14511919,1.1983844,c0,False
AC110992.1,0.0206449,0.010968625,1.8821776,c0,False
AC117453.1,0.02545331,0.012476165,2.040155,c0,False
AC068308.1,0.08846761,0.07034691,1.2575907,c0,False
SST,0.00054768415,0.00035320703,1.5506037,c0,False
APOD,0.0077189426,0.007574025,1.0191334,c0,False
AC093898.1,0.0031524217,0.0021291515,1.4806,c0,False
AC097512.1,0.021427665,0.028633028,0.74835485,c1,False
AC093607.1,0.029209662,0.032417893,0.9010352,c1,False
AC079772.1,0.051074952,0.050194114,1.0175486,c0,False
AC016687.3,0.0030303937,0.0026156965,1.1585418,c0,False
AC016687.2,0.009824715,0.008684091,1.1313463,c0,False
LINC02484,0.003904109,0.0018371777,2.125058,c0,False
LINC02505,0.004975635,0.0023636362,2.1050766,c0,False
RBM47,0.0100030815,0.008523907,1.1735325,c0,False
KIT,0.0017970275,0.0011150306,1.6116396,c0,False
IGFBP7,0.08554601,0.06842676,1.2501836,c0,False
NPFFR2,0.003941252,0.0018704953,2.1070633,c0,False
CXCL10,1.4635852e-05,2.6160224e-06,5.5946946,c0,False
LINC01094,0.0018146832,0.0007809018,2.3238301,c0,False
LINC01088,0.019897025,0.010163514,1.9576916,c0,False
ARHGAP24,0.009796346,0.0054499693,1.7975048,c0,False
MEPE,0.0017568615,0.0010429947,1.6844395,c0,False
SPP1,0.044341635,0.042984948,1.031562,c0,False
BMPR1B,0.014357796,0.012647137,1.1352606,c0,False
LINC02267,0.05328506,0.05438793,0.97972214,c1,False
STPG2-AS1,0.0045789196,0.0017570554,2.606019,c0,False
ADH1B,0.00023774804,7.2870054e-05,3.2626302,c0,False
NPNT,0.0016402248,0.00061120733,2.6835818,c0,False
LEF1,0.020826595,0.017926559,1.1617732,c0,False
ETNPPL,0.0015019749,0.00074206427,2.0240495,c0,False
COL25A1,0.017093785,0.010823805,1.5792769,c0,False
AC004704.1,0.003207673,0.0013981408,2.294242,c0,False
NDST4,0.0031264892,0.0020343727,1.5368321,c0,False
AC093765.2,0.0029327637,0.0023483087,1.2488834,c0,False
AC097528.1,0.0039507034,0.0021728715,1.8181947,c0,False
AC079380.1,0.056788184,0.048421416,1.1727906,c0,False
AC018680.1,0.003498008,0.0031593011,1.1072094,c0,False
SLC7A11,0.05708698,0.045560874,1.2529826,c0,False
LINC00499,0.013751149,0.010353036,1.3282238,c0,False
TLR2,0.0029595634,0.0020880778,1.4173626,c0,False
TMEM144,0.014010053,0.006190588,2.2631214,c0,False
AC021134.1,0.003845757,0.0019818577,1.940481,c0,False
AC080079.2,0.03964858,0.03426573,1.1570914,c0,False
LINC01179,0.0029113924,0.0018246202,1.5956156,c0,False
TLL1,0.028794069,0.020838438,1.3817768,c0,False
AC022325.2,0.02387413,0.01774082,1.3457174,c0,False
AC097518.2,0.0057927165,0.005044073,1.1484205,c0,False
LINC01099,0.0030723098,0.0012375134,2.4826477,c0,False
F11-AS1,0.009265718,0.003217023,2.880215,c0,False
LINC01060,0.006507527,0.0030468944,2.13579,c0,False
LINC02196,0.01337963,0.009433594,1.4182962,c0,False
SEMA5A,0.0785937,0.07341081,1.0706012,c0,False
FBXL7,0.011266336,0.0074782385,1.5065494,c0,False
C5orf17,0.09365976,0.077940255,1.2016866,c0,False
AC114930.1,0.08611352,0.069457516,1.2398013,c0,False
LINC02211,0.0016741906,0.0011823107,1.4160327,c0,False
AC008825.1,0.004170542,0.0028953333,1.4404359,c0,False
LINC02109,0.0042507234,0.0025883364,1.6422608,c0,False
AC099517.1,0.0035669338,0.0011763751,3.0321398,c0,False
AC010343.3,0.0067488127,0.0036104068,1.8692666,c0,False
PRLR,0.0069437246,0.0028024681,2.4777176,c0,False
IL7R,0.0013558499,0.00145258,0.9334081,c1,False
RANBP3L,0.006798964,0.003516082,1.9336762,c0,False
SLC1A3,0.069074646,0.066610634,1.0369912,c0,False
GDNF-AS1,0.06761047,0.050706267,1.3333751,c0,False
FYB1,0.002592234,0.0012230186,2.1195376,c0,False
C7,0.08223164,0.07662897,1.0731143,c0,False
AC022126.1,0.053103566,0.04023676,1.3197774,c0,False
ADAMTS6,0.008972926,0.0056976276,1.5748531,c0,False
AC092353.2,0.12687752,0.09858321,1.2870095,c0,False
CARTPT,0.010527078,0.0016185546,6.503999,c0,False
LINC01331,0.10660486,0.08413933,1.2670039,c0,False
SV2C,0.08231335,0.06146435,1.3392048,c0,False
IQGAP2,0.010410771,0.005922785,1.7577492,c0,False
S100Z,0.0060660704,0.0024078537,2.5192852,c0,False
CRHBP,0.053655285,0.047278516,1.1348767,c0,False
VCAN,0.09233738,0.07303552,1.2642803,c0,False
AC109492.1,0.0039070817,0.0013079054,2.9872816,c0,True
AC114971.1,0.07268721,0.05535068,1.3132125,c0,False
ADGRV1,0.07226277,0.056664944,1.2752641,c0,False
LINC02147,0.03765108,0.02761597,1.3633807,c0,False
LINC02208,0.017328784,0.011374634,1.5234586,c0,False
AC008568.1,0.012101414,0.005051223,2.3957393,c0,False
LINC01170,0.0051897145,0.004082864,1.2710966,c0,False
GRAMD2B,0.011261795,0.0030192868,3.729952,c0,True
FBN2,0.0037875162,0.0024587968,1.5403941,c0,False
SLC27A6,0.0043394184,0.0019654837,2.207812,c0,False
CXCL14,0.0403494,0.036291458,1.1118155,c0,False
AC132803.1,0.02074918,0.016200311,1.2807889,c0,False
PRELID2,0.029716827,0.023482203,1.2655042,c0,False
AC008571.2,0.014921468,0.0057064174,2.6148574,c0,False
LINC01470,0.015035011,0.010963844,1.3713266,c0,False
EBF1,0.02334399,0.019810257,1.1783789,c0,False
AC109466.1,0.031307556,0.02313612,1.3531896,c0,False
AC008415.1,0.016484402,0.008780479,1.877392,c0,False
KCNIP1,0.114739805,0.08885646,1.291294,c0,False
AL033523.1,0.0011539161,0.0011541661,0.99978346,c1,False
F13A1,0.0057622315,0.002681465,2.1489117,c0,False
CASC15,0.018541753,0.013284573,1.3957357,c0,False
HSPA1A,0.00884174,0.009386422,0.94197124,c1,False
RUNX2,0.03400801,0.025678098,1.3243976,c0,False
HCRTR2,0.01429102,0.0064380565,2.2197723,c0,False
COL21A1,0.02194425,0.008401888,2.6118236,c0,False
AL355612.1,0.012904936,0.005835891,2.2113054,c0,False
TENT5A,0.0033376147,0.00229332,1.4553638,c0,False
TBX18,0.017820623,0.015484819,1.1508447,c0,False
CNR1,0.029871326,0.023697315,1.2605363,c0,False
AL589740.1,0.04880304,0.0255415,1.9107351,c0,False
ROS1,0.0443874,0.027988134,1.5859364,c0,False
GJA1,0.003921784,0.0022835173,1.7174313,c0,False
AL445259.1,0.0001858671,6.207175e-05,2.9943914,c0,False
TPD52L1,0.015901666,0.01971511,0.80657256,c1,False
THEMIS,0.005533251,0.0016585294,3.3362393,c0,True
LAMA2,0.017043876,0.0065089352,2.618535,c0,False
SAMD3,0.0089293765,0.007520037,1.1874113,c0,False
CCN2,0.00023233847,0.00011921894,1.9488386,c0,False
AL133346.1,0.002029558,0.0014628718,1.3873793,c0,False
LINC00326,0.035263494,0.019286454,1.8284073,c0,False
EYA4,0.008673786,0.0065539926,1.3234354,c0,False
NHSL1,0.05207793,0.046773713,1.1134017,c0,False
VIP,0.0007810978,0.00044180723,1.7679607,c0,False
AL589693.1,0.12841526,0.113547094,1.1309427,c0,False
SLC22A3,0.05492528,0.037711456,1.4564614,c0,False
SDK1,0.029171646,0.027512496,1.0603054,c0,False
NXPH1,0.0531267,0.043704845,1.2155792,c0,False
AC004852.2,0.0061195027,0.0017612797,3.474464,c0,False
AC004949.1,0.015010789,0.009775729,1.5355161,c0,False
SCIN,0.0013749781,0.00067038805,2.0510182,c0,False
AC007091.1,0.07529719,0.0667989,1.127222,c0,False
NPY,0.00080897263,0.0005107658,1.5838425,c0,False
AC008080.4,0.00063460896,0.00025351782,2.5032125,c0,False
NPSR1-AS1,0.01111895,0.0038663922,2.8757946,c0,True
NPSR1,0.003878972,0.0022190672,1.7480192,c0,False
INHBA,0.0063091153,0.009458194,0.66705287,c1,False
GLI3,0.070246205,0.061889518,1.1350259,c0,False
IKZF1,0.020963077,0.01775399,1.180753,c0,False
LINC01446,0.0014068731,0.0009656673,1.4568921,c0,False
EGFR,0.0032279454,0.0040206625,0.80283916,c1,False
CD36,0.0116790105,0.008182913,1.4272436,c0,False
SEMA3E,0.050929833,0.04408458,1.1552755,c0,False
SEMA3A,0.019256786,0.004077823,4.72232,c0,False
AC002069.2,0.012137072,0.006235228,1.9465322,c0,False
ZNF804B,0.016373903,0.009677442,1.691966,c0,False
CALCR,0.00061867264,0.00024142888,2.5625463,c0,False
COL1A2,0.00017403257,6.9945905e-05,2.4881022,c0,False
AC002429.2,0.018867902,0.01023315,1.843802,c0,False
PDK4,0.06408106,0.04446083,1.4412924,c0,False
DLX6-AS1,0.06820405,0.065391,1.043019,c0,False
TAC1,0.058661208,0.060291063,0.9729669,c1,False
SERPINE1,0.07086556,0.05850418,1.2112905,c0,False
RELN,0.011666242,0.011327774,1.0298795,c0,False
LHFPL3,0.01062395,0.009249834,1.1485556,c0,False
AC002066.1,0.08431715,0.055915356,1.5079426,c0,False
CPED1,0.0056802793,0.00451996,1.2567102,c0,False
PTPRZ1,0.0136320125,0.010936955,1.2464175,c0,False
CHRM2,0.008871626,0.011282219,0.786337,c1,False
TBXAS1,0.082346655,0.0672552,1.224391,c0,False
DLC1,0.020451633,0.0057457862,3.5594141,c0,False
AC106845.1,0.0057719876,0.0008200235,7.038808,c0,True
SGCZ,0.01772077,0.01115975,1.5879183,c0,False
MSR1,0.0504444,0.045613013,1.1059213,c0,False
AC011586.2,0.006289223,0.0036182979,1.7381718,c0,False
FGL1,0.03758899,0.03352635,1.1211776,c0,False
AC100849.1,0.21335539,0.17517497,1.217956,c0,False
ADAM28,0.010679467,0.0021836334,4.8906865,c0,True
AC120193.1,0.10349301,0.08493798,1.2184539,c0,False
DOCK5,0.12015005,0.11028304,1.0894699,c0,False
PNOC,0.09112458,0.07039455,1.2944834,c0,False
AC124290.1,0.026039697,0.01724588,1.5099083,c0,False
ST18,0.06544177,0.05233125,1.2505295,c0,False
RGS20,0.016502067,0.012146091,1.358632,c0,False
PENK,0.07464847,0.06086094,1.2265415,c0,False
NKAIN3,0.010543915,0.0077537782,1.3598423,c0,False
PREX2,0.004839764,0.002198333,2.201561,c0,False
C8orf34,0.015417721,0.010615069,1.4524372,c0,False
SULF1,0.0019979556,0.0012162176,1.6427616,c0,False
EYA1,0.023611497,0.01881161,1.2551556,c0,False
AC083837.1,0.0035300215,0.0009156685,3.8551304,c0,False
AC060765.2,0.022287287,0.010258657,2.1725345,c0,False
AC060765.1,0.024571475,0.014641477,1.6782101,c0,False
ZFPM2-AS1,0.023919158,0.017219719,1.3890562,c0,False
ANGPT1,0.0029537154,0.0013287575,2.2229154,c0,False
LINC01608,0.0049083065,0.0026796567,1.8316922,c0,False
SLC30A8,0.05179481,0.041537512,1.2469406,c0,False
ENPP2,0.008125852,0.003742476,2.1712503,c0,False
SNTB1,0.004450415,0.003278458,1.357472,c0,False
AC016074.2,0.13166425,0.11650984,1.1300697,c0,False
CCDC26,0.067111984,0.058603562,1.1451861,c0,False
CCN4,0.20025593,0.16844249,1.1888683,c0,False
LINC02055,0.07688283,0.0542112,1.4182094,c0,False
AC046195.2,0.053107407,0.04249595,1.2497051,c0,False
DOCK8,0.04978135,0.042451005,1.1726778,c0,False
GLIS3,0.13960364,0.121279776,1.1510876,c0,False
AL355672.1,0.001623975,0.000941804,1.7243236,c0,False
AL353595.1,0.047965072,0.04414554,1.0865214,c0,False
BNC2,0.10829683,0.089607745,1.2085655,c0,False
ADAMTSL1,0.09056996,0.06706725,1.3504349,c0,False
AL391117.1,0.011712186,0.00353576,3.3124945,c0,False
AL353811.1,0.0011485224,0.00023934268,4.7986526,c0,False
FAM189A2,0.0097052185,0.00332178,2.9216921,c0,True
TRPM3,0.07025145,0.053695656,1.3083265,c0,False
ALDH1A1,0.005601084,0.0025592288,2.1885827,c0,False
PCSK5,0.010883739,0.0072417255,1.5029207,c0,False
GNA14,0.049131796,0.04400046,1.1166201,c0,False
RASEF,0.09678893,0.08375649,1.1555991,c0,False
AL161629.1,0.0463951,0.041918747,1.1067865,c0,False
GRIN3A,0.113932565,0.10244152,1.1121718,c0,False
LPAR1,0.18094812,0.1549483,1.1677969,c0,False
TNC,0.062755734,0.051276274,1.2238747,c0,False
AL160272.1,0.003171788,0.0018456909,1.7184829,c0,False
AL359636.2,0.104483955,0.09740184,1.0727103,c0,False
ADARB2,0.014486008,0.009898372,1.4634738,c0,False
LINC02645,0.0140011385,0.009690359,1.4448524,c0,False
LINC00702,0.000777103,0.0006591441,1.1789577,c0,False
ITIH5,0.0033774534,0.0019901437,1.6970903,c0,False
ITGA8,0.09005533,0.07621549,1.1815883,c0,False
MRC1,0.03229649,0.032469332,0.99467677,c1,False
SLC39A12,0.0016414501,0.0012597025,1.3030459,c0,False
KIAA1217,0.059001107,0.05106435,1.1554266,c0,False
GAD2,0.005344782,0.0031367922,1.7039006,c0,False
APBB1IP,0.04530371,0.034332946,1.3195404,c0,False
PARD3,0.025801066,0.026054401,0.9902767,c1,False
LNCAROD,0.00396413,0.0023993803,1.6521473,c0,False
PCDH15,0.016860558,0.01609422,1.0476156,c0,False
LINC01515,0.048752725,0.041492563,1.174975,c0,False
SRGN,0.0020340616,0.0010783528,1.8862673,c0,False
LRMDA,0.018571638,0.010346208,1.7950188,c0,False
CERNA2,0.036208853,0.03359071,1.0779424,c0,False
LINC01374,0.015913052,0.008947077,1.7785755,c0,False
LINC02653,0.046532664,0.03634447,1.2803231,c0,False
ANKRD1,0.0010765872,0.00042295933,2.5453682,c0,False
PLCE1,0.004164313,0.0021843987,1.9063886,c0,False
HPSE2,0.03737724,0.032077935,1.165201,c0,False
LINC01435,0.018392175,0.0067932713,2.7074108,c0,False
RBM20,0.0052090557,0.0014559634,3.5777383,c0,True
AL136119.1,0.015323578,0.006375896,2.4033608,c0,False
C10orf90,0.09939202,0.08165921,1.2171562,c0,False
MRVI1,0.0049513234,0.0028389553,1.7440653,c0,False
SPON1,0.0067368965,0.0040893494,1.647425,c0,False
SOX6,0.07037749,0.046902705,1.5004996,c0,False
LUZP2,0.019573161,0.012828729,1.5257288,c0,False
CD44,0.004387369,0.0021959676,1.9979206,c0,False
SLC1A2,0.23456722,0.20870194,1.1239341,c0,False
AC021723.2,0.010918081,0.008642523,1.2632979,c0,False
MS4A6A,0.0008550421,0.00066997577,1.2762283,c0,False
MS4A4A,0.0023701708,0.0007886117,3.005498,c0,False
NEAT1,0.010310499,0.0065536657,1.5732415,c0,False
SLCO2B1,0.0074245804,0.0043188045,1.7191286,c0,False
AP003464.1,0.020116154,0.010403598,1.9335767,c0,False
MIR4300HG,0.022438439,0.012951864,1.7324486,c0,False
NOX4,0.014069668,0.0041639726,3.378905,c0,True
DISC1FP1,0.021391885,0.015882991,1.3468424,c0,False
MAML2,0.025568005,0.021974552,1.1635278,c0,False
AP003066.1,0.006673539,0.0034863825,1.9141729,c0,False
TRPC6,0.020614836,0.008298963,2.4840255,c0,False
PDGFD,0.01043389,0.02233247,0.46720713,c1,False
AP001977.1,0.116851054,0.11038157,1.0586102,c0,False
FLI1,0.07153898,0.054504935,1.3125229,c0,False
ANO2,0.011041347,0.009570154,1.1537272,c0,False
CD163,0.0015481059,0.00073574344,2.1041381,c0,False
SLC15A5,0.0028252553,0.00087337,3.2348893,c0,False
RERGL,0.020414736,0.0057719653,3.5368779,c0,False
PDE3A,0.008537039,0.0078989435,1.0807824,c0,False
SLCO1C1,0.066769615,0.055040013,1.2131104,c0,False
SLCO1A2,0.004782497,0.0024952951,1.9166057,c0,False
PDZRN4,0.027955132,0.022376545,1.2493051,c0,False
IFNG-AS1,0.0031990523,0.0018360603,1.7423459,c0,False
BEST3,0.0012033023,0.0007663707,1.570131,c0,False
AC090015.1,0.013878243,0.0041718483,3.3266413,c0,False
PAWR,0.005197722,0.0030122576,1.7255237,c0,False
OTOGL,0.03854568,0.023834746,1.6172054,c0,False
LINC02822,0.031700473,0.014489513,2.1878219,c0,False
DCN,0.0013403877,0.0010279123,1.3039905,c0,False
RMST,0.038862776,0.014594108,2.6629086,c0,False
MYBPC1,0.012602332,0.0017940195,7.024635,c0,True
RFX4,0.086508945,0.06580745,1.3145769,c0,False
BTBD11,0.05986853,0.04520629,1.3243407,c0,False
NOS1,0.01671964,0.014586974,1.1462034,c0,False
TMEM132C,0.02529392,0.009430671,2.6820912,c0,False
FAM230C,0.00041765597,0.00055446976,0.7532529,c1,False
FLT1,0.08997203,0.07747693,1.161275,c0,False
RXFP2,0.0016962821,0.00066380855,2.5553784,c0,False
POSTN,0.059775464,0.048743367,1.2263302,c0,False
CYSLTR2,0.000546498,0.00018207935,3.0014277,c0,False
AL356295.1,0.019159254,0.008169308,2.3452725,c0,False
AL442636.1,0.049966138,0.044128038,1.1322991,c0,False
LINC00378,0.011479513,0.0050761867,2.261444,c0,False
LINC00395,0.0014421935,0.0016026658,0.89987165,c1,False
KLHL1,0.008312316,0.005436208,1.529065,c0,False
DACH1,0.0142519465,0.010445116,1.3644603,c0,False
AL136441.1,0.02252863,0.02103924,1.070791,c0,False
OBI1-AS1,0.009700693,0.0046575563,2.082786,c0,False
AL445255.1,0.006902608,0.0038041384,1.8144997,c0,False
AL162493.1,0.030252777,0.014300132,2.1155593,c0,False
AL445207.1,0.020549644,0.0033163275,6.196506,c0,True
GPC5,0.0314777,0.031459503,1.0005784,c0,False
AL137139.2,0.10053716,0.078287154,1.2842102,c0,False
LINC00343,0.019167993,0.0059782793,3.2062726,c0,False
AL139379.1,0.009550162,0.0017145139,5.570186,c0,True
AL138694.1,0.027522044,0.011820726,2.3282871,c0,False
MYO16,0.13086472,0.11433792,1.1445435,c0,False
AL163541.1,0.052851282,0.039292082,1.3450873,c0,False
LINC02306,0.03471499,0.0391533,0.88664275,c1,False
AL110292.1,0.017227717,0.0146848075,1.173166,c0,False
LINC00609,0.07089472,0.061792694,1.1472994,c0,False
AL390800.1,0.0033902146,0.0020876206,1.6239611,c0,False
LINC02315,0.0074387975,0.006356335,1.1702967,c0,False
LINC02307,0.010779345,0.0045550615,2.3664544,c0,False
LINC00871,0.007888587,0.0058819754,1.3411459,c0,False
SLC35F4,0.009690159,0.0073224446,1.3233503,c0,False
SMOC1,0.006792372,0.004106304,1.6541327,c0,False
STON2,0.004701644,0.006775291,0.6939398,c1,False
LINC02296,0.03596825,0.016349696,2.199934,c0,False
SERPINA3,0.04038652,0.034003116,1.18773,c0,False
ATP10A,0.0062967697,0.0032181863,1.9566206,c0,False
LINC02248,0.0056117284,0.01016935,0.55182767,c1,True
CHRNA7,0.020481616,0.013271112,1.5433233,c0,False
RYR3,0.076010615,0.055687513,1.364949,c0,False
LINC02694,0.011906254,0.01195319,0.99607337,c1,False
AC012405.1,0.0034026843,0.0025659797,1.326076,c0,False
AC073941.1,0.0016966497,0.0011511181,1.4739146,c0,False
ONECUT1,0.019489817,0.016739175,1.1643237,c0,False
AC104574.2,0.03341245,0.028933536,1.1548,c0,False
MEGF11,0.015609079,0.011198495,1.3938551,c0,False
ACSBG1,0.0074430592,0.0046181316,1.6117036,c0,False
AC104041.1,0.020488493,0.017715119,1.1565541,c0,False
AGBL1,0.0469775,0.03847843,1.2208788,c0,False
AC110023.1,0.020599715,0.020905223,0.9853861,c1,False
MCTP2,0.032937154,0.02492668,1.3213615,c0,False
NR2F2-AS1,0.007190733,0.005679706,1.2660396,c0,False
AC022523.1,0.03725163,0.029834371,1.2486145,c0,False
ADAMTS17,0.0120051205,0.007436809,1.6142838,c0,False
HS3ST2,0.01276469,0.0074459366,1.7143162,c0,False
SLC5A11,0.09726191,0.08888595,1.0942327,c0,False
HS3ST4,0.018380206,0.01889817,0.9725918,c1,False
AC087564.1,0.0019643959,0.0008178473,2.4019103,c0,False
AC138305.1,0.012254018,0.014234455,0.8608702,c1,False
AC092131.1,0.003916755,0.0016200007,2.417749,c0,False
ZFHX3,0.040787555,0.038191542,1.0679735,c0,False
AC092114.1,0.0995484,0.08598219,1.1577793,c0,False
PIK3R5,0.06374199,0.05048583,1.2625718,c0,False
AC129926.2,0.0011526297,0.0020957352,0.54998827,c1,False
GFAP,0.19211322,0.155619,1.2345101,c0,False
LINC02073,0.010331481,0.004872665,2.1202939,c0,False
AC034268.2,0.025775718,0.015741203,1.6374681,c0,False
CASC17,0.0013132828,0.0010052433,1.3064327,c0,False
COLEC12,0.1117681,0.09703161,1.1518731,c0,False
PIEZO2,0.0060218675,0.00447457,1.345798,c0,False
AQP4,0.015404138,0.010629598,1.449174,c0,False
CHST9,0.01832552,0.014145555,1.2954968,c0,False
MIR924HG,0.0022601008,0.0011272023,2.0050533,c0,False
RIT2,0.040798232,0.02058325,1.9821084,c0,False
SLC14A1,0.09121492,0.08871998,1.0281215,c0,False
MYO5B,0.061784796,0.06063933,1.0188898,c0,False
LINC01416,0.04371295,0.04066942,1.0748359,c0,False
AC006305.1,0.042742405,0.040924285,1.0444264,c0,False
CCBE1,0.065097675,0.057022616,1.1416115,c0,False
AC091576.1,0.04914302,0.037759222,1.3014839,c0,False
AC113137.1,0.005133641,0.0011646221,4.4079885,c0,True
AC022655.1,0.0038855136,0.0011181845,3.474841,c0,False
AC005909.2,0.007112355,0.002510409,2.8331459,c0,True
AC090125.1,0.010681683,0.014832858,0.7201365,c1,False
AC124254.2,0.026918525,0.022252347,1.2096937,c0,False
ZNF208,0.07386161,0.060111642,1.2287405,c0,False
ZNF98,0.031445034,0.021912938,1.4349985,c0,False
FCGBP,0.0024009638,0.0011322356,2.1205513,c0,False
APOE,0.14692867,0.13228476,1.1106999,c0,False
HIF3A,0.016610513,0.013637206,1.218029,c0,False
CST3,0.060910076,0.046807297,1.3012944,c0,False
EYA2,0.048140123,0.04135985,1.1639338,c0,False
BCAS1,0.080885485,0.07185658,1.1256517,c0,False
MIR646HG,0.023528032,0.018509114,1.2711593,c0,False
AJ009632.2,0.04140627,0.014968349,2.7662551,c0,False
LINC01687,0.00032937937,0.00016906831,1.9482028,c0,False
GRIK1,0.01731207,0.011790935,1.4682525,c0,False
RUNX1,0.08286616,0.07370655,1.1242713,c0,False
ERG,0.15244243,0.13505702,1.1287265,c0,False
FAM230F,0.049481217,0.039370406,1.2568125,c0,False
CLDN5,0.06111674,0.05497437,1.1117315,c0,False
FBLN1,0.07939495,0.064555794,1.2298657,c0,False
AC112493.1,0.036087282,0.031804174,1.1346712,c0,False
VSIG4,0.00013015787,0.00016481217,0.7897346,c1,False
PLP1,0.01064997,0.0084794955,1.2559674,c0,False
XACT,0.004928842,0.003618509,1.3621197,c0,False
HTR2C,0.004745884,0.0046057263,1.0304312,c0,False
FGF13,0.037661623,0.033279713,1.131669,c0,False
LINC00278,0.10050893,0.09349991,1.0749629,c0,False
PCDH11Y,0.01876136,0.022318292,0.840627,c1,False
AC010086.3,0.0002856431,0.00017978375,1.5888149,c0,False
