subtype,donor,pc,morans_I,pooled_I,sq2_sig,CPS
Astrocyte,H20.33.004,1,0.027167145910057085,0.2862659737761159,True,0.725005699
Astrocyte,H20.33.004,2,0.018285884351357105,0.430465580748806,True,0.725005699
Astrocyte,H20.33.004,3,0.037261752423939844,0.5735127109647344,True,0.725005699
Astrocyte,H20.33.004,4,0.019902790982296144,0.3765432374042084,True,0.725005699
Astrocyte,H20.33.004,5,0.001786295267970775,0.1899880880464191,True,0.725005699
Astrocyte,H20.33.004,6,0.01027758184737664,0.0747578292716433,True,0.725005699
Astrocyte,H20.33.004,7,0.004258769589326557,0.1237640178569698,True,0.725005699
Astrocyte,H20.33.004,8,0.021884158697621572,0.028634458450594,False,0.725005699
Astrocyte,H20.33.004,9,0.008560524695620443,0.0916588196968351,True,0.725005699
Astrocyte,H20.33.004,10,0.041324227294821304,0.0733080886255834,True,0.725005699
Astrocyte,H20.33.004,11,0.06658373700694939,0.0808179516090122,True,0.725005699
Astrocyte,H20.33.004,12,0.02446169352754917,0.1142112673099352,True,0.725005699
Astrocyte,H20.33.004,13,0.05747597681253277,0.1000277830519599,True,0.725005699
Astrocyte,H20.33.004,14,0.014388808914743638,0.0180891387668296,False,0.725005699
Astrocyte,H20.33.004,15,0.04403300089514468,0.0767293249577688,True,0.725005699
Astrocyte,H20.33.004,16,0.042392752748974846,0.1348448783089126,True,0.725005699
Astrocyte,H20.33.004,17,0.08556946803349683,0.0528716854104777,False,0.725005699
Astrocyte,H20.33.004,18,0.09016369203341894,0.0897493453051372,True,0.725005699
Astrocyte,H20.33.004,19,0.05889931395222769,0.0695304037820263,True,0.725005699
Astrocyte,H20.33.004,20,0.04465654399014447,0.1164538305736757,True,0.725005699
Astrocyte,H20.33.015,1,0.06353526161577883,0.2862659737761159,True,0.878967566
Astrocyte,H20.33.015,2,0.09133917653050756,0.430465580748806,True,0.878967566
Astrocyte,H20.33.015,3,0.054149647465078804,0.5735127109647344,True,0.878967566
Astrocyte,H20.33.015,4,0.13673514134783163,0.3765432374042084,True,0.878967566
Astrocyte,H20.33.015,5,-0.013431511391496733,0.1899880880464191,True,0.878967566
Astrocyte,H20.33.015,6,-0.0009599326605143852,0.0747578292716433,True,0.878967566
Astrocyte,H20.33.015,7,0.015806218151255234,0.1237640178569698,True,0.878967566
Astrocyte,H20.33.015,8,0.07107861571958202,0.028634458450594,False,0.878967566
Astrocyte,H20.33.015,9,-0.0056734087636775895,0.0916588196968351,True,0.878967566
Astrocyte,H20.33.015,10,0.08589420719933599,0.0733080886255834,True,0.878967566
Astrocyte,H20.33.015,11,0.032901095462364444,0.0808179516090122,True,0.878967566
Astrocyte,H20.33.015,12,0.07582627803612725,0.1142112673099352,True,0.878967566
Astrocyte,H20.33.015,13,-0.04633612162393038,0.1000277830519599,True,0.878967566
Astrocyte,H20.33.015,14,-0.008303524350659779,0.0180891387668296,False,0.878967566
Astrocyte,H20.33.015,15,0.12788126932875835,0.0767293249577688,True,0.878967566
Astrocyte,H20.33.015,16,0.07515985348201833,0.1348448783089126,True,0.878967566
Astrocyte,H20.33.015,17,-0.03143007656453747,0.0528716854104777,False,0.878967566
Astrocyte,H20.33.015,18,0.037558205337991715,0.0897493453051372,True,0.878967566
Astrocyte,H20.33.015,19,0.023020189848221517,0.0695304037820263,True,0.878967566
Astrocyte,H20.33.015,20,0.056512330103157156,0.1164538305736757,True,0.878967566
Astrocyte,H20.33.025,1,0.05861451937717639,0.2862659737761159,True,0.588881872
Astrocyte,H20.33.025,2,0.02307646568103386,0.430465580748806,True,0.588881872
Astrocyte,H20.33.025,3,0.04171032992282364,0.5735127109647344,True,0.588881872
Astrocyte,H20.33.025,4,0.07924691452586874,0.3765432374042084,True,0.588881872
Astrocyte,H20.33.025,5,0.08380363203244323,0.1899880880464191,True,0.588881872
Astrocyte,H20.33.025,6,0.011094527106881897,0.0747578292716433,True,0.588881872
Astrocyte,H20.33.025,7,0.020793176550210478,0.1237640178569698,True,0.588881872
Astrocyte,H20.33.025,8,0.0028077536549180747,0.028634458450594,False,0.588881872
Astrocyte,H20.33.025,9,0.019041608480252877,0.0916588196968351,True,0.588881872
Astrocyte,H20.33.025,10,0.032025981520672216,0.0733080886255834,True,0.588881872
Astrocyte,H20.33.025,11,0.022917393179674127,0.0808179516090122,True,0.588881872
Astrocyte,H20.33.025,12,0.10933393597728289,0.1142112673099352,True,0.588881872
Astrocyte,H20.33.025,13,-0.0030073950142114436,0.1000277830519599,True,0.588881872
Astrocyte,H20.33.025,14,0.06241144819417932,0.0180891387668296,False,0.588881872
Astrocyte,H20.33.025,15,0.007834334203892792,0.0767293249577688,True,0.588881872
Astrocyte,H20.33.025,16,-0.021215294187448528,0.1348448783089126,True,0.588881872
Astrocyte,H20.33.025,17,0.04411112926702176,0.0528716854104777,False,0.588881872
Astrocyte,H20.33.025,18,0.051873372133660306,0.0897493453051372,True,0.588881872
Astrocyte,H20.33.025,19,0.03343998419698513,0.0695304037820263,True,0.588881872
Astrocyte,H20.33.025,20,0.10460959581048021,0.1164538305736757,True,0.588881872
Astrocyte,H21.33.001,1,0.010441069352233571,0.2862659737761159,True,0.149616331
Astrocyte,H21.33.001,2,0.10303282193109554,0.430465580748806,True,0.149616331
Astrocyte,H21.33.001,3,0.02249146143913506,0.5735127109647344,True,0.149616331
Astrocyte,H21.33.001,4,0.09926341782594837,0.3765432374042084,True,0.149616331
Astrocyte,H21.33.001,5,0.07937557803343342,0.1899880880464191,True,0.149616331
Astrocyte,H21.33.001,6,0.020775697495027407,0.0747578292716433,True,0.149616331
Astrocyte,H21.33.001,7,0.04699170298679584,0.1237640178569698,True,0.149616331
Astrocyte,H21.33.001,8,-0.023027269222615734,0.028634458450594,False,0.149616331
Astrocyte,H21.33.001,9,0.03416337328075308,0.0916588196968351,True,0.149616331
Astrocyte,H21.33.001,10,-0.018083081495749317,0.0733080886255834,True,0.149616331
Astrocyte,H21.33.001,11,0.02865557501658026,0.0808179516090122,True,0.149616331
Astrocyte,H21.33.001,12,-0.022222068565447655,0.1142112673099352,True,0.149616331
Astrocyte,H21.33.001,13,-0.030544303063605796,0.1000277830519599,True,0.149616331
Astrocyte,H21.33.001,14,-0.0770068006864897,0.0180891387668296,False,0.149616331
Astrocyte,H21.33.001,15,0.01571640929452803,0.0767293249577688,True,0.149616331
Astrocyte,H21.33.001,16,-0.014534982072937233,0.1348448783089126,True,0.149616331
Astrocyte,H21.33.001,17,-0.04505953690964848,0.0528716854104777,False,0.149616331
Astrocyte,H21.33.001,18,-0.00016930171401895777,0.0897493453051372,True,0.149616331
Astrocyte,H21.33.001,19,-0.010116022229757177,0.0695304037820263,True,0.149616331
Astrocyte,H21.33.001,20,-0.021751107833245357,0.1164538305736757,True,0.149616331
Astrocyte,H21.33.006,1,0.02874134855195326,0.2862659737761159,True,0.838095749
Astrocyte,H21.33.006,2,0.1172357662344119,0.430465580748806,True,0.838095749
Astrocyte,H21.33.006,3,0.07938873115545937,0.5735127109647344,True,0.838095749
Astrocyte,H21.33.006,4,0.09304039184498211,0.3765432374042084,True,0.838095749
Astrocyte,H21.33.006,5,0.11126262677139637,0.1899880880464191,True,0.838095749
Astrocyte,H21.33.006,6,0.11540142950586559,0.0747578292716433,True,0.838095749
Astrocyte,H21.33.006,7,0.06632363187365542,0.1237640178569698,True,0.838095749
Astrocyte,H21.33.006,8,0.05996100147914377,0.028634458450594,False,0.838095749
Astrocyte,H21.33.006,9,0.03970576790460051,0.0916588196968351,True,0.838095749
Astrocyte,H21.33.006,10,0.01412851953851819,0.0733080886255834,True,0.838095749
Astrocyte,H21.33.006,11,0.01820277532137313,0.0808179516090122,True,0.838095749
Astrocyte,H21.33.006,12,0.022001927126029355,0.1142112673099352,True,0.838095749
Astrocyte,H21.33.006,13,0.0805927680831529,0.1000277830519599,True,0.838095749
Astrocyte,H21.33.006,14,0.042388577502642424,0.0180891387668296,False,0.838095749
Astrocyte,H21.33.006,15,0.016589224675297904,0.0767293249577688,True,0.838095749
Astrocyte,H21.33.006,16,0.048513764989222725,0.1348448783089126,True,0.838095749
Astrocyte,H21.33.006,17,0.07331536497733229,0.0528716854104777,False,0.838095749
Astrocyte,H21.33.006,18,0.028139473171697113,0.0897493453051372,True,0.838095749
Astrocyte,H21.33.006,19,0.04373440928995353,0.0695304037820263,True,0.838095749
Astrocyte,H21.33.006,20,0.1443580549825097,0.1164538305736757,True,0.838095749
Astrocyte,H21.33.019,1,0.0067955178867459744,0.2862659737761159,True,0.517476286
Astrocyte,H21.33.019,2,0.11169551739185771,0.430465580748806,True,0.517476286
Astrocyte,H21.33.019,3,0.05446656929030787,0.5735127109647344,True,0.517476286
Astrocyte,H21.33.019,4,0.09100800121523021,0.3765432374042084,True,0.517476286
Astrocyte,H21.33.019,5,0.14616370722469735,0.1899880880464191,True,0.517476286
Astrocyte,H21.33.019,6,0.0562923600727255,0.0747578292716433,True,0.517476286
Astrocyte,H21.33.019,7,0.08384383358184416,0.1237640178569698,True,0.517476286
Astrocyte,H21.33.019,8,0.008034110746553556,0.028634458450594,False,0.517476286
Astrocyte,H21.33.019,9,0.02084351404578238,0.0916588196968351,True,0.517476286
Astrocyte,H21.33.019,10,0.02432524124235338,0.0733080886255834,True,0.517476286
Astrocyte,H21.33.019,11,-0.0024461625965959523,0.0808179516090122,True,0.517476286
Astrocyte,H21.33.019,12,0.0174550767763516,0.1142112673099352,True,0.517476286
Astrocyte,H21.33.019,13,0.046362817248067005,0.1000277830519599,True,0.517476286
Astrocyte,H21.33.019,14,-0.02655655688529226,0.0180891387668296,False,0.517476286
Astrocyte,H21.33.019,15,0.04225433110322776,0.0767293249577688,True,0.517476286
Astrocyte,H21.33.019,16,0.05170274558911152,0.1348448783089126,True,0.517476286
Astrocyte,H21.33.019,17,0.04270022722496355,0.0528716854104777,False,0.517476286
Astrocyte,H21.33.019,18,0.029180041032009173,0.0897493453051372,True,0.517476286
Astrocyte,H21.33.019,19,0.07650150542945415,0.0695304037820263,True,0.517476286
Astrocyte,H21.33.019,20,0.04150721744421487,0.1164538305736757,True,0.517476286
L2/3 IT,H20.33.001,1,0.0910476760731047,0.2408989851264545,True,0.522888828
L2/3 IT,H20.33.001,2,0.17704118305745778,0.3076685908621401,True,0.522888828
L2/3 IT,H20.33.001,3,0.14348341842043116,0.2682794842414762,True,0.522888828
L2/3 IT,H20.33.001,4,0.035106202121532634,0.5812410586947618,True,0.522888828
L2/3 IT,H20.33.001,5,0.1193986770060077,0.1728252980869422,True,0.522888828
L2/3 IT,H20.33.001,6,0.07544869614653214,0.3033081705353884,True,0.522888828
L2/3 IT,H20.33.001,7,0.016277627415236612,0.2608200154751021,True,0.522888828
L2/3 IT,H20.33.001,8,0.044072765920791984,0.135657864796835,True,0.522888828
L2/3 IT,H20.33.001,9,0.0315734805353444,0.2052974168660544,True,0.522888828
L2/3 IT,H20.33.001,10,0.09616344655689611,0.1386451155078657,True,0.522888828
L2/3 IT,H20.33.001,11,0.06899774363752291,0.164062692563539,True,0.522888828
L2/3 IT,H20.33.001,12,0.04265023713837704,0.110974169270452,True,0.522888828
L2/3 IT,H20.33.001,13,0.04435027780467043,0.0693125595052328,True,0.522888828
L2/3 IT,H20.33.001,14,0.050175572396939684,0.0913516667796394,True,0.522888828
L2/3 IT,H20.33.001,15,-0.005380302842057341,0.1070749087046596,True,0.522888828
L2/3 IT,H20.33.001,16,0.07294374158543908,0.0883044220371156,True,0.522888828
L2/3 IT,H20.33.001,17,0.04199576220208508,0.0510315564808065,True,0.522888828
L2/3 IT,H20.33.001,18,0.05917425891265515,0.0858022403452809,True,0.522888828
L2/3 IT,H20.33.001,19,0.047699392081673876,0.0540933124121112,True,0.522888828
L2/3 IT,H20.33.001,20,0.047850726489311615,0.084861526485756,True,0.522888828
L2/3 IT,H20.33.004,1,0.16215202907776272,0.2408989851264545,True,0.725005699
L2/3 IT,H20.33.004,2,0.2955803958813608,0.3076685908621401,True,0.725005699
L2/3 IT,H20.33.004,3,0.19443721130654038,0.2682794842414762,True,0.725005699
L2/3 IT,H20.33.004,4,0.030734475919759658,0.5812410586947618,True,0.725005699
L2/3 IT,H20.33.004,5,0.09546782201331333,0.1728252980869422,True,0.725005699
L2/3 IT,H20.33.004,6,0.0432775333224672,0.3033081705353884,True,0.725005699
L2/3 IT,H20.33.004,7,0.04832963547989378,0.2608200154751021,True,0.725005699
L2/3 IT,H20.33.004,8,0.0508004152855695,0.135657864796835,True,0.725005699
L2/3 IT,H20.33.004,9,0.05661826356983493,0.2052974168660544,True,0.725005699
L2/3 IT,H20.33.004,10,0.061857489624867305,0.1386451155078657,True,0.725005699
L2/3 IT,H20.33.004,11,0.035382695348086884,0.164062692563539,True,0.725005699
L2/3 IT,H20.33.004,12,0.03395251058179972,0.110974169270452,True,0.725005699
L2/3 IT,H20.33.004,13,0.04801006522228652,0.0693125595052328,True,0.725005699
L2/3 IT,H20.33.004,14,0.05342159597311566,0.0913516667796394,True,0.725005699
L2/3 IT,H20.33.004,15,0.042484564073493415,0.1070749087046596,True,0.725005699
L2/3 IT,H20.33.004,16,0.024112309921155147,0.0883044220371156,True,0.725005699
L2/3 IT,H20.33.004,17,0.05940274980994951,0.0510315564808065,True,0.725005699
L2/3 IT,H20.33.004,18,0.03542421842817551,0.0858022403452809,True,0.725005699
L2/3 IT,H20.33.004,19,0.0512498081503097,0.0540933124121112,True,0.725005699
L2/3 IT,H20.33.004,20,0.05262519562381667,0.084861526485756,True,0.725005699
L2/3 IT,H20.33.012,1,0.05527624406329796,0.2408989851264545,True,0.237009997
L2/3 IT,H20.33.012,2,0.12772391436071703,0.3076685908621401,True,0.237009997
L2/3 IT,H20.33.012,3,0.06273510530929464,0.2682794842414762,True,0.237009997
L2/3 IT,H20.33.012,4,0.02735409709178985,0.5812410586947618,True,0.237009997
L2/3 IT,H20.33.012,5,0.028847996848472234,0.1728252980869422,True,0.237009997
L2/3 IT,H20.33.012,6,0.05835393180659092,0.3033081705353884,True,0.237009997
L2/3 IT,H20.33.012,7,0.028413417964103405,0.2608200154751021,True,0.237009997
L2/3 IT,H20.33.012,8,0.04940727563387279,0.135657864796835,True,0.237009997
L2/3 IT,H20.33.012,9,0.020116772629352103,0.2052974168660544,True,0.237009997
L2/3 IT,H20.33.012,10,0.03318772123739873,0.1386451155078657,True,0.237009997
L2/3 IT,H20.33.012,11,0.04603833229263428,0.164062692563539,True,0.237009997
L2/3 IT,H20.33.012,12,0.04220374415418574,0.110974169270452,True,0.237009997
L2/3 IT,H20.33.012,13,0.03665668510221571,0.0693125595052328,True,0.237009997
L2/3 IT,H20.33.012,14,0.0075109093374212885,0.0913516667796394,True,0.237009997
L2/3 IT,H20.33.012,15,0.03312539236039161,0.1070749087046596,True,0.237009997
L2/3 IT,H20.33.012,16,0.030938417937655095,0.0883044220371156,True,0.237009997
L2/3 IT,H20.33.012,17,0.016224405858773914,0.0510315564808065,True,0.237009997
L2/3 IT,H20.33.012,18,0.04814737698446646,0.0858022403452809,True,0.237009997
L2/3 IT,H20.33.012,19,0.018873896399257448,0.0540933124121112,True,0.237009997
L2/3 IT,H20.33.012,20,0.0380688101821094,0.084861526485756,True,0.237009997
L2/3 IT,H20.33.015,1,0.08643587426352019,0.2408989851264545,True,0.878967566
L2/3 IT,H20.33.015,2,0.18776393108253095,0.3076685908621401,True,0.878967566
L2/3 IT,H20.33.015,3,0.13191507684551035,0.2682794842414762,True,0.878967566
L2/3 IT,H20.33.015,4,0.059491035330443635,0.5812410586947618,True,0.878967566
L2/3 IT,H20.33.015,5,0.08983619746536542,0.1728252980869422,True,0.878967566
L2/3 IT,H20.33.015,6,0.05787186188162511,0.3033081705353884,True,0.878967566
L2/3 IT,H20.33.015,7,0.043101940406339544,0.2608200154751021,True,0.878967566
L2/3 IT,H20.33.015,8,0.06940243924218768,0.135657864796835,True,0.878967566
L2/3 IT,H20.33.015,9,0.05277200936591769,0.2052974168660544,True,0.878967566
L2/3 IT,H20.33.015,10,0.08798965757467861,0.1386451155078657,True,0.878967566
L2/3 IT,H20.33.015,11,0.06413976189908416,0.164062692563539,True,0.878967566
L2/3 IT,H20.33.015,12,0.0594528057992009,0.110974169270452,True,0.878967566
L2/3 IT,H20.33.015,13,0.04915084180963603,0.0693125595052328,True,0.878967566
L2/3 IT,H20.33.015,14,0.0636169161992908,0.0913516667796394,True,0.878967566
L2/3 IT,H20.33.015,15,0.06718174887243417,0.1070749087046596,True,0.878967566
L2/3 IT,H20.33.015,16,0.037166407429591014,0.0883044220371156,True,0.878967566
L2/3 IT,H20.33.015,17,0.043912052951776144,0.0510315564808065,True,0.878967566
L2/3 IT,H20.33.015,18,0.0448765285218433,0.0858022403452809,True,0.878967566
L2/3 IT,H20.33.015,19,0.0839308857005749,0.0540933124121112,True,0.878967566
L2/3 IT,H20.33.015,20,0.04193284412792898,0.084861526485756,True,0.878967566
L2/3 IT,H20.33.025,1,0.19336227564528172,0.2408989851264545,True,0.588881872
L2/3 IT,H20.33.025,2,0.32558134626560575,0.3076685908621401,True,0.588881872
L2/3 IT,H20.33.025,3,0.22654176327251738,0.2682794842414762,True,0.588881872
L2/3 IT,H20.33.025,4,0.08212522379882072,0.5812410586947618,True,0.588881872
L2/3 IT,H20.33.025,5,0.0864401454035418,0.1728252980869422,True,0.588881872
L2/3 IT,H20.33.025,6,0.044849463254278354,0.3033081705353884,True,0.588881872
L2/3 IT,H20.33.025,7,0.06281651936240085,0.2608200154751021,True,0.588881872
L2/3 IT,H20.33.025,8,0.07476827635614239,0.135657864796835,True,0.588881872
L2/3 IT,H20.33.025,9,0.06028525889600825,0.2052974168660544,True,0.588881872
L2/3 IT,H20.33.025,10,0.0806482597593105,0.1386451155078657,True,0.588881872
L2/3 IT,H20.33.025,11,0.04111541748427287,0.164062692563539,True,0.588881872
L2/3 IT,H20.33.025,12,0.04407711050608404,0.110974169270452,True,0.588881872
L2/3 IT,H20.33.025,13,0.027581172122236017,0.0693125595052328,True,0.588881872
L2/3 IT,H20.33.025,14,0.04527404794173902,0.0913516667796394,True,0.588881872
L2/3 IT,H20.33.025,15,0.04225700517065864,0.1070749087046596,True,0.588881872
L2/3 IT,H20.33.025,16,0.03407763646986517,0.0883044220371156,True,0.588881872
L2/3 IT,H20.33.025,17,0.045057849149299216,0.0510315564808065,True,0.588881872
L2/3 IT,H20.33.025,18,0.0507244076440065,0.0858022403452809,True,0.588881872
L2/3 IT,H20.33.025,19,0.04448880491455733,0.0540933124121112,True,0.588881872
L2/3 IT,H20.33.025,20,0.04043704155851973,0.084861526485756,True,0.588881872
L2/3 IT,H20.33.044,1,0.014510378697702943,0.2408989851264545,True,0.355631884
L2/3 IT,H20.33.044,2,0.05211365707441353,0.3076685908621401,True,0.355631884
L2/3 IT,H20.33.044,3,0.07833728099800055,0.2682794842414762,True,0.355631884
L2/3 IT,H20.33.044,4,0.12645524581906137,0.5812410586947618,True,0.355631884
L2/3 IT,H20.33.044,5,0.09773115451831019,0.1728252980869422,True,0.355631884
L2/3 IT,H20.33.044,6,-0.011060938940669996,0.3033081705353884,True,0.355631884
L2/3 IT,H20.33.044,7,-0.030899353648464183,0.2608200154751021,True,0.355631884
L2/3 IT,H20.33.044,8,-0.0264721384504316,0.135657864796835,True,0.355631884
L2/3 IT,H20.33.044,9,-0.07978901491476557,0.2052974168660544,True,0.355631884
L2/3 IT,H20.33.044,10,0.07265455127174772,0.1386451155078657,True,0.355631884
L2/3 IT,H20.33.044,11,0.004816044017774387,0.164062692563539,True,0.355631884
L2/3 IT,H20.33.044,12,-0.09214927262645375,0.110974169270452,True,0.355631884
L2/3 IT,H20.33.044,13,0.04771915045918072,0.0693125595052328,True,0.355631884
L2/3 IT,H20.33.044,14,0.009293538448817543,0.0913516667796394,True,0.355631884
L2/3 IT,H20.33.044,15,0.06406317379948534,0.1070749087046596,True,0.355631884
L2/3 IT,H20.33.044,16,0.05655001281715991,0.0883044220371156,True,0.355631884
L2/3 IT,H20.33.044,17,0.02599227042704629,0.0510315564808065,True,0.355631884
L2/3 IT,H20.33.044,18,-0.1206872243189515,0.0858022403452809,True,0.355631884
L2/3 IT,H20.33.044,19,-0.008097532957508029,0.0540933124121112,True,0.355631884
L2/3 IT,H20.33.044,20,0.10539952024943344,0.084861526485756,True,0.355631884
L2/3 IT,H21.33.001,1,0.08264988316875613,0.2408989851264545,True,0.149616331
L2/3 IT,H21.33.001,2,0.16190976330687665,0.3076685908621401,True,0.149616331
L2/3 IT,H21.33.001,3,0.021419560914313115,0.2682794842414762,True,0.149616331
L2/3 IT,H21.33.001,4,0.032630742981996405,0.5812410586947618,True,0.149616331
L2/3 IT,H21.33.001,5,0.019306803592410597,0.1728252980869422,True,0.149616331
L2/3 IT,H21.33.001,6,0.0841048731719259,0.3033081705353884,True,0.149616331
L2/3 IT,H21.33.001,7,0.042606471543836365,0.2608200154751021,True,0.149616331
L2/3 IT,H21.33.001,8,0.060910828767660616,0.135657864796835,True,0.149616331
L2/3 IT,H21.33.001,9,0.08612027672572983,0.2052974168660544,True,0.149616331
L2/3 IT,H21.33.001,10,0.022307418443276557,0.1386451155078657,True,0.149616331
L2/3 IT,H21.33.001,11,0.07003521919405033,0.164062692563539,True,0.149616331
L2/3 IT,H21.33.001,12,0.051705129034826616,0.110974169270452,True,0.149616331
L2/3 IT,H21.33.001,13,0.011507399063371908,0.0693125595052328,True,0.149616331
L2/3 IT,H21.33.001,14,0.07154585892723493,0.0913516667796394,True,0.149616331
L2/3 IT,H21.33.001,15,0.023757476763259126,0.1070749087046596,True,0.149616331
L2/3 IT,H21.33.001,16,-0.009112651966605576,0.0883044220371156,True,0.149616331
L2/3 IT,H21.33.001,17,0.05928182662547636,0.0510315564808065,True,0.149616331
L2/3 IT,H21.33.001,18,0.022561550243446162,0.0858022403452809,True,0.149616331
L2/3 IT,H21.33.001,19,0.0063658112681186305,0.0540933124121112,True,0.149616331
L2/3 IT,H21.33.001,20,0.027833518036355868,0.084861526485756,True,0.149616331
L2/3 IT,H21.33.006,1,0.15242306896208094,0.2408989851264545,True,0.838095749
L2/3 IT,H21.33.006,2,0.23348922710966885,0.3076685908621401,True,0.838095749
L2/3 IT,H21.33.006,3,0.1108439216292721,0.2682794842414762,True,0.838095749
L2/3 IT,H21.33.006,4,0.11080152743511312,0.5812410586947618,True,0.838095749
L2/3 IT,H21.33.006,5,0.11357774810886254,0.1728252980869422,True,0.838095749
L2/3 IT,H21.33.006,6,0.10485975907563737,0.3033081705353884,True,0.838095749
L2/3 IT,H21.33.006,7,0.12635813649492283,0.2608200154751021,True,0.838095749
L2/3 IT,H21.33.006,8,0.11923903152369605,0.135657864796835,True,0.838095749
L2/3 IT,H21.33.006,9,0.0999671674459582,0.2052974168660544,True,0.838095749
L2/3 IT,H21.33.006,10,0.09035814746659612,0.1386451155078657,True,0.838095749
L2/3 IT,H21.33.006,11,0.11702555660261488,0.164062692563539,True,0.838095749
L2/3 IT,H21.33.006,12,0.07657289871489012,0.110974169270452,True,0.838095749
L2/3 IT,H21.33.006,13,0.05047034108702394,0.0693125595052328,True,0.838095749
L2/3 IT,H21.33.006,14,0.0759951760003741,0.0913516667796394,True,0.838095749
L2/3 IT,H21.33.006,15,0.08169849855225358,0.1070749087046596,True,0.838095749
L2/3 IT,H21.33.006,16,0.05174714511170519,0.0883044220371156,True,0.838095749
L2/3 IT,H21.33.006,17,0.06133102702423936,0.0510315564808065,True,0.838095749
L2/3 IT,H21.33.006,18,0.06652258591989947,0.0858022403452809,True,0.838095749
L2/3 IT,H21.33.006,19,0.09383093662356606,0.0540933124121112,True,0.838095749
L2/3 IT,H21.33.006,20,0.07476873448531857,0.084861526485756,True,0.838095749
L2/3 IT,H21.33.019,1,0.2052316304772825,0.2408989851264545,True,0.517476286
L2/3 IT,H21.33.019,2,0.3256710815894952,0.3076685908621401,True,0.517476286
L2/3 IT,H21.33.019,3,0.17039131799135204,0.2682794842414762,True,0.517476286
L2/3 IT,H21.33.019,4,0.06455559687124719,0.5812410586947618,True,0.517476286
L2/3 IT,H21.33.019,5,0.11027612580527059,0.1728252980869422,True,0.517476286
L2/3 IT,H21.33.019,6,0.0765007940302673,0.3033081705353884,True,0.517476286
L2/3 IT,H21.33.019,7,0.06036810470372024,0.2608200154751021,True,0.517476286
L2/3 IT,H21.33.019,8,0.046370431785887664,0.135657864796835,True,0.517476286
L2/3 IT,H21.33.019,9,0.06000308889302777,0.2052974168660544,True,0.517476286
L2/3 IT,H21.33.019,10,0.08058702606160417,0.1386451155078657,True,0.517476286
L2/3 IT,H21.33.019,11,0.05093727124693443,0.164062692563539,True,0.517476286
L2/3 IT,H21.33.019,12,0.04509402825003975,0.110974169270452,True,0.517476286
L2/3 IT,H21.33.019,13,0.04176884372116922,0.0693125595052328,True,0.517476286
L2/3 IT,H21.33.019,14,0.039142444553064225,0.0913516667796394,True,0.517476286
L2/3 IT,H21.33.019,15,0.043681235577577276,0.1070749087046596,True,0.517476286
L2/3 IT,H21.33.019,16,0.032967723379158265,0.0883044220371156,True,0.517476286
L2/3 IT,H21.33.019,17,0.03156291610114331,0.0510315564808065,True,0.517476286
L2/3 IT,H21.33.019,18,0.06631223779879274,0.0858022403452809,True,0.517476286
L2/3 IT,H21.33.019,19,0.03556043816502893,0.0540933124121112,True,0.517476286
L2/3 IT,H21.33.019,20,0.03933048419517449,0.084861526485756,True,0.517476286
L4 IT,H20.33.001,1,0.026570814969909564,0.373535943870407,True,0.522888828
L4 IT,H20.33.001,2,0.12209857790983322,0.1198321247636679,True,0.522888828
L4 IT,H20.33.001,3,0.10719827507045554,0.1624636973576679,True,0.522888828
L4 IT,H20.33.001,4,0.059543993171221214,0.6330502719671179,True,0.522888828
L4 IT,H20.33.001,5,0.03311014661508079,0.5556341787767243,True,0.522888828
L4 IT,H20.33.001,6,0.06798209846432547,0.1326510768807463,True,0.522888828
L4 IT,H20.33.001,7,0.008872811541547553,0.2168002933201607,True,0.522888828
L4 IT,H20.33.001,8,0.048631245735401514,0.2049609764628416,True,0.522888828
L4 IT,H20.33.001,9,0.04465387640998385,0.1386347449174119,True,0.522888828
L4 IT,H20.33.001,10,0.039190470535590376,0.0981327355818362,True,0.522888828
L4 IT,H20.33.001,11,0.08780276355024874,0.0692055568398388,True,0.522888828
L4 IT,H20.33.001,12,0.04392493420792207,0.0467815845219857,True,0.522888828
L4 IT,H20.33.001,13,0.01065024514551893,0.0559739145215647,True,0.522888828
L4 IT,H20.33.001,14,0.04898545877044795,0.069353914767668,True,0.522888828
L4 IT,H20.33.001,15,0.039206782545809706,0.050286748167734,True,0.522888828
L4 IT,H20.33.001,16,0.06821006252083678,0.0470750853697431,True,0.522888828
L4 IT,H20.33.001,17,0.00026693646819779115,0.045857148999206,True,0.522888828
L4 IT,H20.33.001,18,0.026184836487095256,0.0883006692456668,True,0.522888828
L4 IT,H20.33.001,19,0.03342473390493331,0.0406878949935324,True,0.522888828
L4 IT,H20.33.001,20,0.04621379347171024,0.0463728631560019,True,0.522888828
L4 IT,H20.33.004,1,0.03227669131475576,0.373535943870407,True,0.725005699
L4 IT,H20.33.004,2,0.06077988977699599,0.1198321247636679,True,0.725005699
L4 IT,H20.33.004,3,0.11466189592501522,0.1624636973576679,True,0.725005699
L4 IT,H20.33.004,4,0.021565628774041418,0.6330502719671179,True,0.725005699
L4 IT,H20.33.004,5,0.026161104529479322,0.5556341787767243,True,0.725005699
L4 IT,H20.33.004,6,0.0341142661395299,0.1326510768807463,True,0.725005699
L4 IT,H20.33.004,7,0.01868123140707771,0.2168002933201607,True,0.725005699
L4 IT,H20.33.004,8,0.02670960077949618,0.2049609764628416,True,0.725005699
L4 IT,H20.33.004,9,0.03391412122782411,0.1386347449174119,True,0.725005699
L4 IT,H20.33.004,10,0.022643039105471077,0.0981327355818362,True,0.725005699
L4 IT,H20.33.004,11,0.02423589125052611,0.0692055568398388,True,0.725005699
L4 IT,H20.33.004,12,0.022939615828613823,0.0467815845219857,True,0.725005699
L4 IT,H20.33.004,13,-0.0067173490367733015,0.0559739145215647,True,0.725005699
L4 IT,H20.33.004,14,0.028520882816359987,0.069353914767668,True,0.725005699
L4 IT,H20.33.004,15,0.037134543910729234,0.050286748167734,True,0.725005699
L4 IT,H20.33.004,16,0.05574279292571347,0.0470750853697431,True,0.725005699
L4 IT,H20.33.004,17,0.04805541985064114,0.045857148999206,True,0.725005699
L4 IT,H20.33.004,18,0.010729734742234551,0.0883006692456668,True,0.725005699
L4 IT,H20.33.004,19,0.027699907364387526,0.0406878949935324,True,0.725005699
L4 IT,H20.33.004,20,0.04309845303062936,0.0463728631560019,True,0.725005699
L4 IT,H20.33.012,1,0.06355989142609118,0.373535943870407,True,0.237009997
L4 IT,H20.33.012,2,0.04607158053151503,0.1198321247636679,True,0.237009997
L4 IT,H20.33.012,3,0.09504637890512066,0.1624636973576679,True,0.237009997
L4 IT,H20.33.012,4,0.03212735650720106,0.6330502719671179,True,0.237009997
L4 IT,H20.33.012,5,0.041375883181256075,0.5556341787767243,True,0.237009997
L4 IT,H20.33.012,6,-0.0015500502355464147,0.1326510768807463,True,0.237009997
L4 IT,H20.33.012,7,-0.002590168646610041,0.2168002933201607,True,0.237009997
L4 IT,H20.33.012,8,-0.003883249378261993,0.2049609764628416,True,0.237009997
L4 IT,H20.33.012,9,0.007408703657638901,0.1386347449174119,True,0.237009997
L4 IT,H20.33.012,10,0.0316378295537881,0.0981327355818362,True,0.237009997
L4 IT,H20.33.012,11,0.038690218739926764,0.0692055568398388,True,0.237009997
L4 IT,H20.33.012,12,0.020919324176201754,0.0467815845219857,True,0.237009997
L4 IT,H20.33.012,13,0.04994232921914021,0.0559739145215647,True,0.237009997
L4 IT,H20.33.012,14,0.0002719089717700671,0.069353914767668,True,0.237009997
L4 IT,H20.33.012,15,0.021155996681542607,0.050286748167734,True,0.237009997
L4 IT,H20.33.012,16,-0.020911362496227305,0.0470750853697431,True,0.237009997
L4 IT,H20.33.012,17,0.009130454629699533,0.045857148999206,True,0.237009997
L4 IT,H20.33.012,18,-0.01505764791092129,0.0883006692456668,True,0.237009997
L4 IT,H20.33.012,19,0.02085243287376817,0.0406878949935324,True,0.237009997
L4 IT,H20.33.012,20,-0.005332899966064392,0.0463728631560019,True,0.237009997
L4 IT,H20.33.015,1,0.06063540125724086,0.373535943870407,True,0.878967566
L4 IT,H20.33.015,2,0.07518848417293335,0.1198321247636679,True,0.878967566
L4 IT,H20.33.015,3,0.12269710955504526,0.1624636973576679,True,0.878967566
L4 IT,H20.33.015,4,0.07400710324875447,0.6330502719671179,True,0.878967566
L4 IT,H20.33.015,5,0.0480069945591425,0.5556341787767243,True,0.878967566
L4 IT,H20.33.015,6,0.06158486492889648,0.1326510768807463,True,0.878967566
L4 IT,H20.33.015,7,0.04335240061352032,0.2168002933201607,True,0.878967566
L4 IT,H20.33.015,8,0.047534586186908076,0.2049609764628416,True,0.878967566
L4 IT,H20.33.015,9,0.06591718348201131,0.1386347449174119,True,0.878967566
L4 IT,H20.33.015,10,0.05399794970026922,0.0981327355818362,True,0.878967566
L4 IT,H20.33.015,11,0.02680356856880377,0.0692055568398388,True,0.878967566
L4 IT,H20.33.015,12,0.04819772877341346,0.0467815845219857,True,0.878967566
L4 IT,H20.33.015,13,0.03918526176448975,0.0559739145215647,True,0.878967566
L4 IT,H20.33.015,14,0.05114959488767694,0.069353914767668,True,0.878967566
L4 IT,H20.33.015,15,0.026229206235330663,0.050286748167734,True,0.878967566
L4 IT,H20.33.015,16,0.029448657313492957,0.0470750853697431,True,0.878967566
L4 IT,H20.33.015,17,0.006697629305595326,0.045857148999206,True,0.878967566
L4 IT,H20.33.015,18,0.07249667771844882,0.0883006692456668,True,0.878967566
L4 IT,H20.33.015,19,0.04762853373105257,0.0406878949935324,True,0.878967566
L4 IT,H20.33.015,20,0.07433918837180836,0.0463728631560019,True,0.878967566
L4 IT,H20.33.025,1,0.045965870880053494,0.373535943870407,True,0.588881872
L4 IT,H20.33.025,2,0.1128107974038659,0.1198321247636679,True,0.588881872
L4 IT,H20.33.025,3,0.18068588384931417,0.1624636973576679,True,0.588881872
L4 IT,H20.33.025,4,0.03484474084587476,0.6330502719671179,True,0.588881872
L4 IT,H20.33.025,5,0.040971736683499946,0.5556341787767243,True,0.588881872
L4 IT,H20.33.025,6,0.05143006769570352,0.1326510768807463,True,0.588881872
L4 IT,H20.33.025,7,0.05158509941719407,0.2168002933201607,True,0.588881872
L4 IT,H20.33.025,8,0.030183220342180732,0.2049609764628416,True,0.588881872
L4 IT,H20.33.025,9,0.04768631227254842,0.1386347449174119,True,0.588881872
L4 IT,H20.33.025,10,0.043286989256795465,0.0981327355818362,True,0.588881872
L4 IT,H20.33.025,11,0.02064929510892304,0.0692055568398388,True,0.588881872
L4 IT,H20.33.025,12,0.07592699673595417,0.0467815845219857,True,0.588881872
L4 IT,H20.33.025,13,0.026855402086202487,0.0559739145215647,True,0.588881872
L4 IT,H20.33.025,14,0.017436255394016633,0.069353914767668,True,0.588881872
L4 IT,H20.33.025,15,0.04804591934695693,0.050286748167734,True,0.588881872
L4 IT,H20.33.025,16,0.012258955971632464,0.0470750853697431,True,0.588881872
L4 IT,H20.33.025,17,0.03133108452379649,0.045857148999206,True,0.588881872
L4 IT,H20.33.025,18,0.054642228816637856,0.0883006692456668,True,0.588881872
L4 IT,H20.33.025,19,0.013759062464705792,0.0406878949935324,True,0.588881872
L4 IT,H20.33.025,20,0.04213827740624199,0.0463728631560019,True,0.588881872
L4 IT,H21.33.001,1,0.008501938832742393,0.373535943870407,True,0.149616331
L4 IT,H21.33.001,2,0.026273372806738807,0.1198321247636679,True,0.149616331
L4 IT,H21.33.001,3,0.09318876963160823,0.1624636973576679,True,0.149616331
L4 IT,H21.33.001,4,0.03299965046784887,0.6330502719671179,True,0.149616331
L4 IT,H21.33.001,5,0.052601168448369706,0.5556341787767243,True,0.149616331
L4 IT,H21.33.001,6,-0.018801130873253087,0.1326510768807463,True,0.149616331
L4 IT,H21.33.001,7,0.004574031115142222,0.2168002933201607,True,0.149616331
L4 IT,H21.33.001,8,0.004856087425449658,0.2049609764628416,True,0.149616331
L4 IT,H21.33.001,9,0.050648730344619995,0.1386347449174119,True,0.149616331
L4 IT,H21.33.001,10,-0.008321199465801132,0.0981327355818362,True,0.149616331
L4 IT,H21.33.001,11,0.006498612765917373,0.0692055568398388,True,0.149616331
L4 IT,H21.33.001,12,0.035982404495582446,0.0467815845219857,True,0.149616331
L4 IT,H21.33.001,13,-0.003565748364019425,0.0559739145215647,True,0.149616331
L4 IT,H21.33.001,14,0.03401105922665652,0.069353914767668,True,0.149616331
L4 IT,H21.33.001,15,0.04590837630799888,0.050286748167734,True,0.149616331
L4 IT,H21.33.001,16,-0.00625317026968448,0.0470750853697431,True,0.149616331
L4 IT,H21.33.001,17,0.014556110653255072,0.045857148999206,True,0.149616331
L4 IT,H21.33.001,18,0.06725599996901842,0.0883006692456668,True,0.149616331
L4 IT,H21.33.001,19,-0.007106839584628772,0.0406878949935324,True,0.149616331
L4 IT,H21.33.001,20,0.044633288686346605,0.0463728631560019,True,0.149616331
L4 IT,H21.33.006,1,0.011631995356941725,0.373535943870407,True,0.838095749
L4 IT,H21.33.006,2,0.06892753162533587,0.1198321247636679,True,0.838095749
L4 IT,H21.33.006,3,0.07985992348444416,0.1624636973576679,True,0.838095749
L4 IT,H21.33.006,4,0.04296988334190523,0.6330502719671179,True,0.838095749
L4 IT,H21.33.006,5,0.025835352269598818,0.5556341787767243,True,0.838095749
L4 IT,H21.33.006,6,0.04571231246819467,0.1326510768807463,True,0.838095749
L4 IT,H21.33.006,7,-0.0034012944280079065,0.2168002933201607,True,0.838095749
L4 IT,H21.33.006,8,0.046459661899610996,0.2049609764628416,True,0.838095749
L4 IT,H21.33.006,9,0.041073821145339855,0.1386347449174119,True,0.838095749
L4 IT,H21.33.006,10,0.0540301827841764,0.0981327355818362,True,0.838095749
L4 IT,H21.33.006,11,0.041723168897347625,0.0692055568398388,True,0.838095749
L4 IT,H21.33.006,12,0.0329381185640086,0.0467815845219857,True,0.838095749
L4 IT,H21.33.006,13,0.022581677775747277,0.0559739145215647,True,0.838095749
L4 IT,H21.33.006,14,0.03649366761319552,0.069353914767668,True,0.838095749
L4 IT,H21.33.006,15,0.03503875727172515,0.050286748167734,True,0.838095749
L4 IT,H21.33.006,16,0.06117825515102612,0.0470750853697431,True,0.838095749
L4 IT,H21.33.006,17,0.02168982090102279,0.045857148999206,True,0.838095749
L4 IT,H21.33.006,18,0.047437656706671334,0.0883006692456668,True,0.838095749
L4 IT,H21.33.006,19,0.056664057325580865,0.0406878949935324,True,0.838095749
L4 IT,H21.33.006,20,-0.013460934592795402,0.0463728631560019,True,0.838095749
L4 IT,H21.33.019,1,0.03368539359561673,0.373535943870407,True,0.517476286
L4 IT,H21.33.019,2,0.08962470442058541,0.1198321247636679,True,0.517476286
L4 IT,H21.33.019,3,0.1372471881001656,0.1624636973576679,True,0.517476286
L4 IT,H21.33.019,4,0.03579931790920893,0.6330502719671179,True,0.517476286
L4 IT,H21.33.019,5,0.04644789909193752,0.5556341787767243,True,0.517476286
L4 IT,H21.33.019,6,0.02209617045235704,0.1326510768807463,True,0.517476286
L4 IT,H21.33.019,7,0.07606872851320617,0.2168002933201607,True,0.517476286
L4 IT,H21.33.019,8,0.0227785329736449,0.2049609764628416,True,0.517476286
L4 IT,H21.33.019,9,0.05248680035945258,0.1386347449174119,True,0.517476286
L4 IT,H21.33.019,10,0.057614974880951735,0.0981327355818362,True,0.517476286
L4 IT,H21.33.019,11,0.06959488562754687,0.0692055568398388,True,0.517476286
L4 IT,H21.33.019,12,0.03600181285780187,0.0467815845219857,True,0.517476286
L4 IT,H21.33.019,13,0.06826376810835791,0.0559739145215647,True,0.517476286
L4 IT,H21.33.019,14,0.030907833528811345,0.069353914767668,True,0.517476286
L4 IT,H21.33.019,15,0.07650569149469609,0.050286748167734,True,0.517476286
L4 IT,H21.33.019,16,0.01935083120939841,0.0470750853697431,True,0.517476286
L4 IT,H21.33.019,17,0.03175863690955388,0.045857148999206,True,0.517476286
L4 IT,H21.33.019,18,0.057435515477711495,0.0883006692456668,True,0.517476286
L4 IT,H21.33.019,19,0.002257230982814313,0.0406878949935324,True,0.517476286
L4 IT,H21.33.019,20,0.04140072111138547,0.0463728631560019,True,0.517476286
Oligodendrocyte,H20.33.012,1,0.07539851822969003,0.4234459497022725,True,0.237009997
Oligodendrocyte,H20.33.012,2,0.014012378903834805,0.5524848680695389,True,0.237009997
Oligodendrocyte,H20.33.012,3,0.008376371884527537,0.1144051143900982,True,0.237009997
Oligodendrocyte,H20.33.012,4,0.05981505143345487,0.2314960938806476,True,0.237009997
Oligodendrocyte,H20.33.012,5,1.4613286125548167e-05,0.1958899462277264,True,0.237009997
Oligodendrocyte,H20.33.012,6,0.045670165165625345,0.1236844856957376,True,0.237009997
Oligodendrocyte,H20.33.012,7,0.03624491091304751,0.1822517073271781,True,0.237009997
Oligodendrocyte,H20.33.012,8,0.012697842748608688,0.0346093690916556,False,0.237009997
Oligodendrocyte,H20.33.012,9,0.037715967623655845,0.0847968144760447,True,0.237009997
Oligodendrocyte,H20.33.012,10,0.021051200150166212,0.0713745235551401,True,0.237009997
Oligodendrocyte,H20.33.012,11,0.1174600677438084,0.082640457533951,True,0.237009997
Oligodendrocyte,H20.33.012,12,0.04321266287162133,0.0389216157568237,False,0.237009997
Oligodendrocyte,H20.33.012,13,0.05182378673775234,0.0880289869705341,True,0.237009997
Oligodendrocyte,H20.33.012,14,0.13330116474596215,0.0709640401342272,True,0.237009997
Oligodendrocyte,H20.33.012,15,0.005704146676723629,0.0302744261431179,False,0.237009997
Oligodendrocyte,H20.33.012,16,0.02250784510950158,0.058835282436424,True,0.237009997
Oligodendrocyte,H20.33.012,17,-0.019125982817152217,0.0466269403368981,False,0.237009997
Oligodendrocyte,H20.33.012,18,0.06787019607309226,0.029044647819242,False,0.237009997
Oligodendrocyte,H20.33.012,19,0.022066637110004762,0.0263628264782671,False,0.237009997
Oligodendrocyte,H20.33.012,20,0.0035636263364667935,0.0342798100448087,False,0.237009997
Oligodendrocyte,H20.33.015,1,-0.019547354948701294,0.4234459497022725,True,0.878967566
Oligodendrocyte,H20.33.015,2,-0.03507327755896659,0.5524848680695389,True,0.878967566
Oligodendrocyte,H20.33.015,3,-0.026143654993228925,0.1144051143900982,True,0.878967566
Oligodendrocyte,H20.33.015,4,-0.0276420923201992,0.2314960938806476,True,0.878967566
Oligodendrocyte,H20.33.015,5,-0.03856799676520677,0.1958899462277264,True,0.878967566
Oligodendrocyte,H20.33.015,6,0.028571677354885416,0.1236844856957376,True,0.878967566
Oligodendrocyte,H20.33.015,7,-0.010605786899624124,0.1822517073271781,True,0.878967566
Oligodendrocyte,H20.33.015,8,-0.01533337346327414,0.0346093690916556,False,0.878967566
Oligodendrocyte,H20.33.015,9,-0.04651387138887993,0.0847968144760447,True,0.878967566
Oligodendrocyte,H20.33.015,10,0.05522317119968538,0.0713745235551401,True,0.878967566
Oligodendrocyte,H20.33.015,11,0.021471145115420292,0.082640457533951,True,0.878967566
Oligodendrocyte,H20.33.015,12,-0.022220819847799222,0.0389216157568237,False,0.878967566
Oligodendrocyte,H20.33.015,13,0.05751405818319459,0.0880289869705341,True,0.878967566
Oligodendrocyte,H20.33.015,14,0.03757143675498717,0.0709640401342272,True,0.878967566
Oligodendrocyte,H20.33.015,15,0.04030651924670827,0.0302744261431179,False,0.878967566
Oligodendrocyte,H20.33.015,16,0.00272348284391001,0.058835282436424,True,0.878967566
Oligodendrocyte,H20.33.015,17,0.0798810984422822,0.0466269403368981,False,0.878967566
Oligodendrocyte,H20.33.015,18,0.011400471747872372,0.029044647819242,False,0.878967566
Oligodendrocyte,H20.33.015,19,0.05630077874696953,0.0263628264782671,False,0.878967566
Oligodendrocyte,H20.33.015,20,0.02573963352106797,0.0342798100448087,False,0.878967566
Oligodendrocyte,H20.33.025,1,0.035723023881364994,0.4234459497022725,True,0.588881872
Oligodendrocyte,H20.33.025,2,0.018360133520245805,0.5524848680695389,True,0.588881872
Oligodendrocyte,H20.33.025,3,0.004117751907469306,0.1144051143900982,True,0.588881872
Oligodendrocyte,H20.33.025,4,0.01941839079914297,0.2314960938806476,True,0.588881872
Oligodendrocyte,H20.33.025,5,-0.022122681383925175,0.1958899462277264,True,0.588881872
Oligodendrocyte,H20.33.025,6,-0.005814314109098087,0.1236844856957376,True,0.588881872
Oligodendrocyte,H20.33.025,7,0.043507630536061735,0.1822517073271781,True,0.588881872
Oligodendrocyte,H20.33.025,8,0.05904499612869547,0.0346093690916556,False,0.588881872
Oligodendrocyte,H20.33.025,9,0.052738089529895796,0.0847968144760447,True,0.588881872
Oligodendrocyte,H20.33.025,10,0.05430925513684082,0.0713745235551401,True,0.588881872
Oligodendrocyte,H20.33.025,11,0.102528605622373,0.082640457533951,True,0.588881872
Oligodendrocyte,H20.33.025,12,0.05700392972905912,0.0389216157568237,False,0.588881872
Oligodendrocyte,H20.33.025,13,0.09313007763005637,0.0880289869705341,True,0.588881872
Oligodendrocyte,H20.33.025,14,0.01745584818447652,0.0709640401342272,True,0.588881872
Oligodendrocyte,H20.33.025,15,0.04179003861263036,0.0302744261431179,False,0.588881872
Oligodendrocyte,H20.33.025,16,0.05353169628372927,0.058835282436424,True,0.588881872
Oligodendrocyte,H20.33.025,17,-0.005582537944035886,0.0466269403368981,False,0.588881872
Oligodendrocyte,H20.33.025,18,0.06518454253305288,0.029044647819242,False,0.588881872
Oligodendrocyte,H20.33.025,19,-0.013267949459348585,0.0263628264782671,False,0.588881872
Oligodendrocyte,H20.33.025,20,0.04968254411794329,0.0342798100448087,False,0.588881872
Oligodendrocyte,H21.33.001,1,0.14546004473808566,0.4234459497022725,True,0.149616331
Oligodendrocyte,H21.33.001,2,0.016294310554520082,0.5524848680695389,True,0.149616331
Oligodendrocyte,H21.33.001,3,0.016947201469886396,0.1144051143900982,True,0.149616331
Oligodendrocyte,H21.33.001,4,0.031311050049186356,0.2314960938806476,True,0.149616331
Oligodendrocyte,H21.33.001,5,-0.024372579430725544,0.1958899462277264,True,0.149616331
Oligodendrocyte,H21.33.001,6,-0.006290935059485504,0.1236844856957376,True,0.149616331
Oligodendrocyte,H21.33.001,7,0.005048934985071096,0.1822517073271781,True,0.149616331
Oligodendrocyte,H21.33.001,8,-0.057151578691901954,0.0346093690916556,False,0.149616331
Oligodendrocyte,H21.33.001,9,0.08321281315636198,0.0847968144760447,True,0.149616331
Oligodendrocyte,H21.33.001,10,0.01411060177025549,0.0713745235551401,True,0.149616331
Oligodendrocyte,H21.33.001,11,0.0064321876646441165,0.082640457533951,True,0.149616331
Oligodendrocyte,H21.33.001,12,0.016387046254453218,0.0389216157568237,False,0.149616331
Oligodendrocyte,H21.33.001,13,0.15189114050958363,0.0880289869705341,True,0.149616331
Oligodendrocyte,H21.33.001,14,0.0409312455955586,0.0709640401342272,True,0.149616331
Oligodendrocyte,H21.33.001,15,0.06457499550470179,0.0302744261431179,False,0.149616331
Oligodendrocyte,H21.33.001,16,-0.05871366206795133,0.058835282436424,True,0.149616331
Oligodendrocyte,H21.33.001,17,-0.014077787664793295,0.0466269403368981,False,0.149616331
Oligodendrocyte,H21.33.001,18,0.02124748372404898,0.029044647819242,False,0.149616331
Oligodendrocyte,H21.33.001,19,-0.009787401828039994,0.0263628264782671,False,0.149616331
Oligodendrocyte,H21.33.001,20,-0.008402596711775203,0.0342798100448087,False,0.149616331
Oligodendrocyte,H21.33.006,1,0.040286232190602046,0.4234459497022725,True,0.838095749
Oligodendrocyte,H21.33.006,2,0.010240732260115253,0.5524848680695389,True,0.838095749
Oligodendrocyte,H21.33.006,3,-0.009585470669029312,0.1144051143900982,True,0.838095749
Oligodendrocyte,H21.33.006,4,0.05164904235631886,0.2314960938806476,True,0.838095749
Oligodendrocyte,H21.33.006,5,0.034998668826120134,0.1958899462277264,True,0.838095749
Oligodendrocyte,H21.33.006,6,0.04331134997088026,0.1236844856957376,True,0.838095749
Oligodendrocyte,H21.33.006,7,0.01560388466808014,0.1822517073271781,True,0.838095749
Oligodendrocyte,H21.33.006,8,0.021998299885395624,0.0346093690916556,False,0.838095749
Oligodendrocyte,H21.33.006,9,0.008633952435009532,0.0847968144760447,True,0.838095749
Oligodendrocyte,H21.33.006,10,0.036728919015840696,0.0713745235551401,True,0.838095749
Oligodendrocyte,H21.33.006,11,0.015795986474465507,0.082640457533951,True,0.838095749
Oligodendrocyte,H21.33.006,12,0.018130280680037456,0.0389216157568237,False,0.838095749
Oligodendrocyte,H21.33.006,13,0.05994043421469835,0.0880289869705341,True,0.838095749
Oligodendrocyte,H21.33.006,14,0.08100655684669865,0.0709640401342272,True,0.838095749
Oligodendrocyte,H21.33.006,15,-0.005044336956871096,0.0302744261431179,False,0.838095749
Oligodendrocyte,H21.33.006,16,0.0025411015411003516,0.058835282436424,True,0.838095749
Oligodendrocyte,H21.33.006,17,0.02286730017204922,0.0466269403368981,False,0.838095749
Oligodendrocyte,H21.33.006,18,0.0008462607588775545,0.029044647819242,False,0.838095749
Oligodendrocyte,H21.33.006,19,0.04544887815947634,0.0263628264782671,False,0.838095749
Oligodendrocyte,H21.33.006,20,0.028639289110608514,0.0342798100448087,False,0.838095749
Oligodendrocyte,H21.33.019,1,0.04065275038095199,0.4234459497022725,True,0.517476286
Oligodendrocyte,H21.33.019,2,0.03417355991150273,0.5524848680695389,True,0.517476286
Oligodendrocyte,H21.33.019,3,-0.011545438827132748,0.1144051143900982,True,0.517476286
Oligodendrocyte,H21.33.019,4,0.009645585564155833,0.2314960938806476,True,0.517476286
Oligodendrocyte,H21.33.019,5,-0.06247042666212361,0.1958899462277264,True,0.517476286
Oligodendrocyte,H21.33.019,6,0.008846269091589868,0.1236844856957376,True,0.517476286
Oligodendrocyte,H21.33.019,7,0.012735419877201788,0.1822517073271781,True,0.517476286
Oligodendrocyte,H21.33.019,8,0.008105486931393475,0.0346093690916556,False,0.517476286
Oligodendrocyte,H21.33.019,9,0.018601502524699654,0.0847968144760447,True,0.517476286
Oligodendrocyte,H21.33.019,10,0.01958591273285855,0.0713745235551401,True,0.517476286
Oligodendrocyte,H21.33.019,11,0.006578467112119742,0.082640457533951,True,0.517476286
Oligodendrocyte,H21.33.019,12,0.0052216840993341875,0.0389216157568237,False,0.517476286
Oligodendrocyte,H21.33.019,13,-0.006938236523418924,0.0880289869705341,True,0.517476286
Oligodendrocyte,H21.33.019,14,-0.012066195164546784,0.0709640401342272,True,0.517476286
Oligodendrocyte,H21.33.019,15,0.0252531333869633,0.0302744261431179,False,0.517476286
Oligodendrocyte,H21.33.019,16,0.017292987799545346,0.058835282436424,True,0.517476286
Oligodendrocyte,H21.33.019,17,-0.0021500936728350087,0.0466269403368981,False,0.517476286
Oligodendrocyte,H21.33.019,18,0.0009545888266868502,0.029044647819242,False,0.517476286
Oligodendrocyte,H21.33.019,19,0.0006697633920241471,0.0263628264782671,False,0.517476286
Oligodendrocyte,H21.33.019,20,0.013179160714532427,0.0342798100448087,False,0.517476286
